id,name,slug,description,price,sale_price,category_id,image_url,ingredients,ingredient_details,is_vegan_certified,stock_quantity,created_at
72036044-0715-4f89-9287-9a0779c5b2fb,캘린듈라 수딩 클렌징 젤,cleanser-01,피부에 자극 없이 메이크업과 노폐물을 깨끗하게 제거하는 저자극 클렌저입니다. 녹차추출물 성분이 세안 후에도 당김 없이 촉촉한 피부를 유지해줍니다.,28000,23100.0,14e055da-0d7c-44b5-800a-45a7b9896ac5,/images/products/cleanser-01.webp,"[""녹차추출물"", ""캘린듈라"", ""카모마일추출물"", ""티트리""]","[{""name"": ""녹차추출물"", ""role"": ""항산화/진정"", ""origin"": ""독일"", ""grade"": ""EWG 1등급""}, {""name"": ""캘린듈라"", ""role"": ""진정/보호"", ""origin"": ""한국"", ""grade"": ""EWG 1등급""}, {""name"": ""카모마일추출물"", ""role"": ""진정"", ""origin"": ""프랑스"", ""grade"": ""EWG 1등급""}, {""name"": ""티트리"", ""role"": ""진정/항균"", ""origin"": ""한국"", ""grade"": ""EWG 1등급""}]",True,189,2025-04-01T00:00:00+09:00
875a1387-7bdd-4fb0-854c-c4f1f41f84f5,그린티 딥 클렌징 폼,cleanser-02,풍성한 거품으로 모공 속 노폐물까지 깨끗하게 세정하는 비건 클렌저입니다. 라벤더추출물(이)가 피부 진정에 도움을 줍니다.,24000,20100.0,14e055da-0d7c-44b5-800a-45a7b9896ac5,/images/products/cleanser-02.webp,"[""라벤더추출물"", ""백련추출물"", ""알로에""]","[{""name"": ""라벤더추출물"", ""role"": ""진정/항균"", ""origin"": ""일본"", ""grade"": ""EWG 1등급""}, {""name"": ""백련추출물"", ""role"": ""미백/보습"", ""origin"": ""프랑스"", ""grade"": ""자체 인증""}, {""name"": ""알로에"", ""role"": ""수분/진정"", ""origin"": ""일본"", ""grade"": ""EWG 1등급""}]",True,147,2025-04-01T00:00:00+09:00
924a1c0e-27e5-490f-8d95-46d972f27eac,히알루론 마일드 클렌저,cleanser-03,풍성한 거품으로 모공 속 노폐물까지 깨끗하게 세정하는 비건 클렌저입니다. 글리세린(이)가 피부 진정에 도움을 줍니다.,19000,,14e055da-0d7c-44b5-800a-45a7b9896ac5,/images/products/cleanser-03.webp,"[""글리세린"", ""병풀추출물(시카)"", ""백련추출물"", ""히알루론산"", ""카모마일추출물""]","[{""name"": ""글리세린"", ""role"": ""보습"", ""origin"": ""독일"", ""grade"": ""EWG 1등급""}, {""name"": ""병풀추출물(시카)"", ""role"": ""재생/진정"", ""origin"": ""호주"", ""grade"": ""EWG 1등급""}, {""name"": ""백련추출물"", ""role"": ""미백/보습"", ""origin"": ""일본"", ""grade"": ""EWG 2등급""}, {""name"": ""히알루론산"", ""role"": ""보습"", ""origin"": ""독일"", ""grade"": ""EWG 2등급""}, {""name"": ""카모마일추출물"", ""role"": ""진정"", ""origin"": ""일본"", ""grade"": ""EWG 1등급""}]",True,67,2025-04-01T00:00:00+09:00
63beffb6-3600-436c-9b36-ab5f0632b76f,병풀 시카 클렌징 밀크,cleanser-04,풍성한 거품으로 모공 속 노폐물까지 깨끗하게 세정하는 비건 클렌저입니다. 세라마이드(이)가 피부 진정에 도움을 줍니다.,18000,,14e055da-0d7c-44b5-800a-45a7b9896ac5,/images/products/cleanser-04.webp,"[""세라마이드"", ""시어버터"", ""녹차추출물"", ""티트리"", ""아르간오일""]","[{""name"": ""세라마이드"", ""role"": ""피부장벽 강화"", ""origin"": ""호주"", ""grade"": ""EWG 2등급""}, {""name"": ""시어버터"", ""role"": ""보습/보호"", ""origin"": ""일본"", ""grade"": ""EWG 1등급""}, {""name"": ""녹차추출물"", ""role"": ""항산화/진정"", ""origin"": ""일본"", ""grade"": ""EWG 1등급""}, {""name"": ""티트리"", ""role"": ""진정/항균"", ""origin"": ""일본"", ""grade"": ""EWG 2등급""}, {""name"": ""아르간오일"", ""role"": ""영양/탄력"", ""origin"": ""미국"", ""grade"": ""EWG 2등급""}]",True,93,2025-04-01T00:00:00+09:00
2573cc11-d794-4e9c-97ed-f570513cc175,티트리 포어 클린 워시,cleanser-05,피부에 자극 없이 메이크업과 노폐물을 깨끗하게 제거하는 저자극 클렌저입니다. 비타민E 성분이 세안 후에도 당김 없이 촉촉한 피부를 유지해줍니다.,26000,,14e055da-0d7c-44b5-800a-45a7b9896ac5,/images/products/cleanser-05.webp,"[""비타민E"", ""아르간오일"", ""병풀추출물(시카)"", ""감초추출물""]","[{""name"": ""비타민E"", ""role"": ""항산화/보호"", ""origin"": ""미국"", ""grade"": ""EWG 1등급""}, {""name"": ""아르간오일"", ""role"": ""영양/탄력"", ""origin"": ""스위스"", ""grade"": ""EWG 2등급""}, {""name"": ""병풀추출물(시카)"", ""role"": ""재생/진정"", ""origin"": ""프랑스"", ""grade"": ""EWG 2등급""}, {""name"": ""감초추출물"", ""role"": ""진정/미백"", ""origin"": ""스위스"", ""grade"": ""EWG 1등급""}]",True,118,2025-04-01T00:00:00+09:00
b2670e53-07e3-47cc-819c-86d9e989698b,알로에 수분 클렌징 폼,cleanser-06,풍성한 거품으로 모공 속 노폐물까지 깨끗하게 세정하는 비건 클렌저입니다. 스쿠알란(이)가 피부 진정에 도움을 줍니다.,19000,15300.0,14e055da-0d7c-44b5-800a-45a7b9896ac5,/images/products/cleanser-06.webp,"[""스쿠알란"", ""로즈마리"", ""베타글루칸"", ""코엔자임Q10"", ""아르간오일"", ""시어버터"", ""비타민E"", ""캘린듈라""]","[{""name"": ""스쿠알란"", ""role"": ""보습/유연"", ""origin"": ""프랑스"", ""grade"": ""EWG 1등급""}, {""name"": ""로즈마리"", ""role"": ""항산화"", ""origin"": ""독일"", ""grade"": ""EWG 1등급""}, {""name"": ""베타글루칸"", ""role"": ""보습/면역강화"", ""origin"": ""미국"", ""grade"": ""EWG 1등급""}, {""name"": ""코엔자임Q10"", ""role"": ""항산화/탄력"", ""origin"": ""독일"", ""grade"": ""EWG 1등급""}, {""name"": ""아르간오일"", ""role"": ""영양/탄력"", ""origin"": ""프랑스"", ""grade"": ""자체 인증""}, {""name"": ""시어버터"", ""role"": ""보습/보호"", ""origin"": ""프랑스"", ""grade"": ""EWG 1등급""}, {""name"": ""비타민E"", ""role"": ""항산화/보호"", ""origin"": ""한국"", ""grade"": ""EWG 2등급""}, {""name"": ""캘린듈라"", ""role"": ""진정/보호"", ""origin"": ""스위스"", ""grade"": ""EWG 1등급""}]",True,90,2025-04-01T00:00:00+09:00
b14b8641-d673-4dc6-9f64-cf945c91c0c2,카모마일 로우 pH 젤 클렌저,cleanser-07,풍성한 거품으로 모공 속 노폐물까지 깨끗하게 세정하는 비건 클렌저입니다. 아르간오일(이)가 피부 진정에 도움을 줍니다.,28000,,14e055da-0d7c-44b5-800a-45a7b9896ac5,/images/products/cleanser-07.webp,"[""아르간오일"", ""글리세린"", ""비타민E""]","[{""name"": ""아르간오일"", ""role"": ""영양/탄력"", ""origin"": ""독일"", ""grade"": ""EWG 2등급""}, {""name"": ""글리세린"", ""role"": ""보습"", ""origin"": ""한국"", ""grade"": ""EWG 2등급""}, {""name"": ""비타민E"", ""role"": ""항산화/보호"", ""origin"": ""한국"", ""grade"": ""EWG 2등급""}]",True,187,2025-04-01T00:00:00+09:00
013d895b-0005-4a06-93a6-0b36f446a0fe,로즈마리 리프레시 클렌저,cleanser-08,피부에 자극 없이 메이크업과 노폐물을 깨끗하게 제거하는 저자극 클렌저입니다. 티트리 성분이 세안 후에도 당김 없이 촉촉한 피부를 유지해줍니다.,22000,,14e055da-0d7c-44b5-800a-45a7b9896ac5,/images/products/cleanser-08.webp,"[""티트리"", ""판테놀"", ""비타민C"", ""알로에"", ""비타민E""]","[{""name"": ""티트리"", ""role"": ""진정/항균"", ""origin"": ""미국"", ""grade"": ""EWG 2등급""}, {""name"": ""판테놀"", ""role"": ""보습/진정"", ""origin"": ""일본"", ""grade"": ""자체 인증""}, {""name"": ""비타민C"", ""role"": ""미백/항산화"", ""origin"": ""스위스"", ""grade"": ""EWG 1등급""}, {""name"": ""알로에"", ""role"": ""수분/진정"", ""origin"": ""한국"", ""grade"": ""EWG 2등급""}, {""name"": ""비타민E"", ""role"": ""항산화/보호"", ""origin"": ""일본"", ""grade"": ""EWG 2등급""}]",True,179,2025-04-01T00:00:00+09:00
dcd9dd5d-f988-450e-834a-671effc11fcd,판테놀 소프트 클렌징 워터,cleanser-09,피부에 자극 없이 메이크업과 노폐물을 깨끗하게 제거하는 저자극 클렌저입니다. 마데카소사이드 성분이 세안 후에도 당김 없이 촉촉한 피부를 유지해줍니다.,27000,23200.0,14e055da-0d7c-44b5-800a-45a7b9896ac5,/images/products/cleanser-09.webp,"[""마데카소사이드"", ""라벤더추출물"", ""감초추출물"", ""프로폴리스""]","[{""name"": ""마데카소사이드"", ""role"": ""진정/재생"", ""origin"": ""독일"", ""grade"": ""EWG 1등급""}, {""name"": ""라벤더추출물"", ""role"": ""진정/항균"", ""origin"": ""한국"", ""grade"": ""EWG 1등급""}, {""name"": ""감초추출물"", ""role"": ""진정/미백"", ""origin"": ""일본"", ""grade"": ""EWG 2등급""}, {""name"": ""프로폴리스"", ""role"": ""영양/보호"", ""origin"": ""스위스"", ""grade"": ""EWG 2등급""}]",True,111,2025-04-01T00:00:00+09:00
a1beead0-c2af-4306-950a-3ac7c25b5200,어성초 트러블 클렌징 젤,cleanser-10,피부에 자극 없이 메이크업과 노폐물을 깨끗하게 제거하는 저자극 클렌저입니다. 세라마이드 성분이 세안 후에도 당김 없이 촉촉한 피부를 유지해줍니다.,18000,15100.0,14e055da-0d7c-44b5-800a-45a7b9896ac5,/images/products/cleanser-10.webp,"[""세라마이드"", ""카모마일추출물"", ""코엔자임Q10""]","[{""name"": ""세라마이드"", ""role"": ""피부장벽 강화"", ""origin"": ""스위스"", ""grade"": ""EWG 1등급""}, {""name"": ""카모마일추출물"", ""role"": ""진정"", ""origin"": ""프랑스"", ""grade"": ""EWG 1등급""}, {""name"": ""코엔자임Q10"", ""role"": ""항산화/탄력"", ""origin"": ""호주"", ""grade"": ""자체 인증""}]",True,92,2025-04-01T00:00:00+09:00
7e1f91b6-4a9c-4338-8bb3-6913d95bac49,히알루론산 딥 하이드레이팅 토너,toner-01,풍부한 비타민C 성분으로 첫 단계부터 깊은 수분을 채워주는 에센스 토너입니다.,26000,,8cc9cd2e-b317-4803-ab19-9547212762ae,/images/products/toner-01.webp,"[""비타민C"", ""로즈마리"", ""마데카소사이드"", ""라벤더추출물"", ""카모마일추출물"", ""아줄렌"", ""어성초추출물""]","[{""name"": ""비타민C"", ""role"": ""미백/항산화"", ""origin"": ""호주"", ""grade"": ""자체 인증""}, {""name"": ""로즈마리"", ""role"": ""항산화"", ""origin"": ""미국"", ""grade"": ""EWG 1등급""}, {""name"": ""마데카소사이드"", ""role"": ""진정/재생"", ""origin"": ""독일"", ""grade"": ""EWG 1등급""}, {""name"": ""라벤더추출물"", ""role"": ""진정/항균"", ""origin"": ""프랑스"", ""grade"": ""EWG 1등급""}, {""name"": ""카모마일추출물"", ""role"": ""진정"", ""origin"": ""일본"", ""grade"": ""EWG 1등급""}, {""name"": ""아줄렌"", ""role"": ""진정/항염"", ""origin"": ""독일"", ""grade"": ""EWG 1등급""}, {""name"": ""어성초추출물"", ""role"": ""진정/항균"", ""origin"": ""프랑스"", ""grade"": ""EWG 1등급""}]",True,65,2025-04-01T00:00:00+09:00
dda0c490-c889-4338-b6d0-34e8ead900a4,녹차 밸런싱 토너,toner-02,풍부한 세라마이드 성분으로 첫 단계부터 깊은 수분을 채워주는 에센스 토너입니다.,25000,22400.0,8cc9cd2e-b317-4803-ab19-9547212762ae,/images/products/toner-02.webp,"[""세라마이드"", ""프로폴리스"", ""녹차추출물"", ""병풀추출물(시카)"", ""레시틴""]","[{""name"": ""세라마이드"", ""role"": ""피부장벽 강화"", ""origin"": ""프랑스"", ""grade"": ""EWG 1등급""}, {""name"": ""프로폴리스"", ""role"": ""영양/보호"", ""origin"": ""미국"", ""grade"": ""자체 인증""}, {""name"": ""녹차추출물"", ""role"": ""항산화/진정"", ""origin"": ""독일"", ""grade"": ""EWG 1등급""}, {""name"": ""병풀추출물(시카)"", ""role"": ""재생/진정"", ""origin"": ""프랑스"", ""grade"": ""EWG 2등급""}, {""name"": ""레시틴"", ""role"": ""유화/보습"", ""origin"": ""스위스"", ""grade"": ""EWG 1등급""}]",True,74,2025-04-01T00:00:00+09:00
3fa5b2f1-0288-4752-ad94-380d444fc9ed,병풀 시카 리페어 토너,toner-03,세안 후 피부 pH 밸런스를 맞춰주는 약산성 토너입니다. 비타민C 성분이 피부 결을 정돈하고 다음 스킨케어 흡수를 도와줍니다.,23000,,8cc9cd2e-b317-4803-ab19-9547212762ae,/images/products/toner-03.webp,"[""비타민C"", ""비타민E"", ""시어버터"", ""카모마일추출물"", ""히알루론산""]","[{""name"": ""비타민C"", ""role"": ""미백/항산화"", ""origin"": ""한국"", ""grade"": ""EWG 1등급""}, {""name"": ""비타민E"", ""role"": ""항산화/보호"", ""origin"": ""일본"", ""grade"": ""EWG 2등급""}, {""name"": ""시어버터"", ""role"": ""보습/보호"", ""origin"": ""한국"", ""grade"": ""EWG 1등급""}, {""name"": ""카모마일추출물"", ""role"": ""진정"", ""origin"": ""프랑스"", ""grade"": ""EWG 1등급""}, {""name"": ""히알루론산"", ""role"": ""보습"", ""origin"": ""프랑스"", ""grade"": ""EWG 1등급""}]",True,121,2025-04-01T00:00:00+09:00
35abdb91-c3f9-4459-a920-79a1c41ab9dd,나이아신아마이드 브라이트닝 토너,toner-04,세안 후 피부 pH 밸런스를 맞춰주는 약산성 토너입니다. 백련추출물 성분이 피부 결을 정돈하고 다음 스킨케어 흡수를 도와줍니다.,29000,23400.0,8cc9cd2e-b317-4803-ab19-9547212762ae,/images/products/toner-04.webp,"[""백련추출물"", ""시어버터"", ""어성초추출물"", ""마데카소사이드"", ""티트리"", ""히알루론산""]","[{""name"": ""백련추출물"", ""role"": ""미백/보습"", ""origin"": ""한국"", ""grade"": ""자체 인증""}, {""name"": ""시어버터"", ""role"": ""보습/보호"", ""origin"": ""스위스"", ""grade"": ""EWG 1등급""}, {""name"": ""어성초추출물"", ""role"": ""진정/항균"", ""origin"": ""호주"", ""grade"": ""EWG 1등급""}, {""name"": ""마데카소사이드"", ""role"": ""진정/재생"", ""origin"": ""프랑스"", ""grade"": ""EWG 2등급""}, {""name"": ""티트리"", ""role"": ""진정/항균"", ""origin"": ""한국"", ""grade"": ""EWG 1등급""}, {""name"": ""히알루론산"", ""role"": ""보습"", ""origin"": ""한국"", ""grade"": ""자체 인증""}]",True,117,2025-04-01T00:00:00+09:00
cdf24446-7969-47e4-9efe-ba05aa57a067,캘린듈라 카밍 토너,toner-05,세안 후 피부 pH 밸런스를 맞춰주는 약산성 토너입니다. 백련추출물 성분이 피부 결을 정돈하고 다음 스킨케어 흡수를 도와줍니다.,29000,24000.0,8cc9cd2e-b317-4803-ab19-9547212762ae,/images/products/toner-05.webp,"[""백련추출물"", ""마데카소사이드"", ""레시틴"", ""아줄렌"", ""코엔자임Q10"", ""캘린듈라"", ""로즈마리"", ""판테놀""]","[{""name"": ""백련추출물"", ""role"": ""미백/보습"", ""origin"": ""한국"", ""grade"": ""EWG 1등급""}, {""name"": ""마데카소사이드"", ""role"": ""진정/재생"", ""origin"": ""독일"", ""grade"": ""EWG 1등급""}, {""name"": ""레시틴"", ""role"": ""유화/보습"", ""origin"": ""일본"", ""grade"": ""EWG 1등급""}, {""name"": ""아줄렌"", ""role"": ""진정/항염"", ""origin"": ""독일"", ""grade"": ""EWG 1등급""}, {""name"": ""코엔자임Q10"", ""role"": ""항산화/탄력"", ""origin"": ""스위스"", ""grade"": ""EWG 1등급""}, {""name"": ""캘린듈라"", ""role"": ""진정/보호"", ""origin"": ""한국"", ""grade"": ""자체 인증""}, {""name"": ""로즈마리"", ""role"": ""항산화"", ""origin"": ""한국"", ""grade"": ""EWG 2등급""}, {""name"": ""판테놀"", ""role"": ""보습/진정"", ""origin"": ""한국"", ""grade"": ""EWG 1등급""}]",True,110,2025-04-01T00:00:00+09:00
7110ef62-7fa2-444b-b7f3-8c7938bc6bdb,판테놀 수분장벽 토너,toner-06,풍부한 아데노신 성분으로 첫 단계부터 깊은 수분을 채워주는 에센스 토너입니다.,28000,22700.0,8cc9cd2e-b317-4803-ab19-9547212762ae,/images/products/toner-06.webp,"[""아데노신"", ""글리세린"", ""히알루론산"", ""세라마이드""]","[{""name"": ""아데노신"", ""role"": ""주름개선"", ""origin"": ""미국"", ""grade"": ""EWG 1등급""}, {""name"": ""글리세린"", ""role"": ""보습"", ""origin"": ""독일"", ""grade"": ""EWG 1등급""}, {""name"": ""히알루론산"", ""role"": ""보습"", ""origin"": ""일본"", ""grade"": ""EWG 1등급""}, {""name"": ""세라마이드"", ""role"": ""피부장벽 강화"", ""origin"": ""미국"", ""grade"": ""EWG 1등급""}]",True,117,2025-04-01T00:00:00+09:00
289389a7-e95d-417f-afaf-b1de6fb588db,아줄렌 민감 진정 토너,toner-07,세안 후 피부 pH 밸런스를 맞춰주는 약산성 토너입니다. 스쿠알란 성분이 피부 결을 정돈하고 다음 스킨케어 흡수를 도와줍니다.,28000,23300.0,8cc9cd2e-b317-4803-ab19-9547212762ae,/images/products/toner-07.webp,"[""스쿠알란"", ""라벤더추출물"", ""세라마이드"", ""나이아신아마이드"", ""비타민E"", ""글리세린""]","[{""name"": ""스쿠알란"", ""role"": ""보습/유연"", ""origin"": ""한국"", ""grade"": ""EWG 1등급""}, {""name"": ""라벤더추출물"", ""role"": ""진정/항균"", ""origin"": ""독일"", ""grade"": ""EWG 1등급""}, {""name"": ""세라마이드"", ""role"": ""피부장벽 강화"", ""origin"": ""일본"", ""grade"": ""EWG 2등급""}, {""name"": ""나이아신아마이드"", ""role"": ""미백/톤 개선"", ""origin"": ""프랑스"", ""grade"": ""EWG 1등급""}, {""name"": ""비타민E"", ""role"": ""항산화/보호"", ""origin"": ""프랑스"", ""grade"": ""EWG 1등급""}, {""name"": ""글리세린"", ""role"": ""보습"", ""origin"": ""독일"", ""grade"": ""EWG 2등급""}]",True,185,2025-04-01T00:00:00+09:00
fe2f36a8-af28-42dd-9780-08a30408647a,프로폴리스 영양 토너,toner-08,세안 후 피부 pH 밸런스를 맞춰주는 약산성 토너입니다. 판테놀 성분이 피부 결을 정돈하고 다음 스킨케어 흡수를 도와줍니다.,22000,,8cc9cd2e-b317-4803-ab19-9547212762ae,/images/products/toner-08.webp,"[""판테놀"", ""레시틴"", ""티트리"", ""캘린듈라"", ""병풀추출물(시카)"", ""시어버터"", ""라벤더추출물""]","[{""name"": ""판테놀"", ""role"": ""보습/진정"", ""origin"": ""일본"", ""grade"": ""EWG 1등급""}, {""name"": ""레시틴"", ""role"": ""유화/보습"", ""origin"": ""프랑스"", ""grade"": ""EWG 2등급""}, {""name"": ""티트리"", ""role"": ""진정/항균"", ""origin"": ""프랑스"", ""grade"": ""EWG 2등급""}, {""name"": ""캘린듈라"", ""role"": ""진정/보호"", ""origin"": ""스위스"", ""grade"": ""EWG 1등급""}, {""name"": ""병풀추출물(시카)"", ""role"": ""재생/진정"", ""origin"": ""호주"", ""grade"": ""EWG 1등급""}, {""name"": ""시어버터"", ""role"": ""보습/보호"", ""origin"": ""스위스"", ""grade"": ""EWG 1등급""}, {""name"": ""라벤더추출물"", ""role"": ""진정/항균"", ""origin"": ""미국"", ""grade"": ""EWG 1등급""}]",True,120,2025-04-01T00:00:00+09:00
e5778131-260d-44cc-812a-bf50537e2e58,베타글루칸 보습 에센스 토너,toner-09,세안 후 피부 pH 밸런스를 맞춰주는 약산성 토너입니다. 병풀추출물(시카) 성분이 피부 결을 정돈하고 다음 스킨케어 흡수를 도와줍니다.,22000,18100.0,8cc9cd2e-b317-4803-ab19-9547212762ae,/images/products/toner-09.webp,"[""병풀추출물(시카)"", ""알로에"", ""카모마일추출물"", ""비타민E"", ""마데카소사이드"", ""아줄렌"", ""비타민C"", ""백련추출물""]","[{""name"": ""병풀추출물(시카)"", ""role"": ""재생/진정"", ""origin"": ""한국"", ""grade"": ""EWG 1등급""}, {""name"": ""알로에"", ""role"": ""수분/진정"", ""origin"": ""미국"", ""grade"": ""자체 인증""}, {""name"": ""카모마일추출물"", ""role"": ""진정"", ""origin"": ""독일"", ""grade"": ""EWG 1등급""}, {""name"": ""비타민E"", ""role"": ""항산화/보호"", ""origin"": ""일본"", ""grade"": ""EWG 1등급""}, {""name"": ""마데카소사이드"", ""role"": ""진정/재생"", ""origin"": ""프랑스"", ""grade"": ""EWG 1등급""}, {""name"": ""아줄렌"", ""role"": ""진정/항염"", ""origin"": ""한국"", ""grade"": ""EWG 1등급""}, {""name"": ""비타민C"", ""role"": ""미백/항산화"", ""origin"": ""스위스"", ""grade"": ""자체 인증""}, {""name"": ""백련추출물"", ""role"": ""미백/보습"", ""origin"": ""한국"", ""grade"": ""EWG 2등급""}]",True,103,2025-04-01T00:00:00+09:00
dc37b3ea-07ab-4524-96e8-5d9e9ad41eef,감초 화이트닝 토너,toner-10,세안 후 피부 pH 밸런스를 맞춰주는 약산성 토너입니다. 어성초추출물 성분이 피부 결을 정돈하고 다음 스킨케어 흡수를 도와줍니다.,32000,28400.0,8cc9cd2e-b317-4803-ab19-9547212762ae,/images/products/toner-10.webp,"[""어성초추출물"", ""시어버터"", ""비타민C"", ""글리세린"", ""카모마일추출물"", ""캘린듈라"", ""녹차추출물""]","[{""name"": ""어성초추출물"", ""role"": ""진정/항균"", ""origin"": ""스위스"", ""grade"": ""EWG 2등급""}, {""name"": ""시어버터"", ""role"": ""보습/보호"", ""origin"": ""호주"", ""grade"": ""EWG 1등급""}, {""name"": ""비타민C"", ""role"": ""미백/항산화"", ""origin"": ""미국"", ""grade"": ""자체 인증""}, {""name"": ""글리세린"", ""role"": ""보습"", ""origin"": ""스위스"", ""grade"": ""자체 인증""}, {""name"": ""카모마일추출물"", ""role"": ""진정"", ""origin"": ""스위스"", ""grade"": ""EWG 2등급""}, {""name"": ""캘린듈라"", ""role"": ""진정/보호"", ""origin"": ""미국"", ""grade"": ""EWG 2등급""}, {""name"": ""녹차추출물"", ""role"": ""항산화/진정"", ""origin"": ""일본"", ""grade"": ""EWG 1등급""}]",True,77,2025-04-01T00:00:00+09:00
1692ab85-3c94-493a-bb5b-04c9871912de,병풀 시카 리페어 세럼,serum-01,고농축 녹차추출물 성분이 피부 깊숙이 침투하여 집중 케어합니다. 가벼운 텍스처로 빠르게 흡수됩니다.,44000,,e7832075-80b8-45b8-94d4-1ebee9d25ab3,/images/products/serum-01.webp,"[""녹차추출물"", ""로즈마리"", ""해바라기씨오일"", ""비타민E"", ""호호바오일"", ""판테놀""]","[{""name"": ""녹차추출물"", ""role"": ""항산화/진정"", ""origin"": ""프랑스"", ""grade"": ""EWG 1등급""}, {""name"": ""로즈마리"", ""role"": ""항산화"", ""origin"": ""프랑스"", ""grade"": ""EWG 1등급""}, {""name"": ""해바라기씨오일"", ""role"": ""보습/영양"", ""origin"": ""일본"", ""grade"": ""EWG 2등급""}, {""name"": ""비타민E"", ""role"": ""항산화/보호"", ""origin"": ""스위스"", ""grade"": ""EWG 1등급""}, {""name"": ""호호바오일"", ""role"": ""보습/밸런싱"", ""origin"": ""미국"", ""grade"": ""EWG 1등급""}, {""name"": ""판테놀"", ""role"": ""보습/진정"", ""origin"": ""미국"", ""grade"": ""자체 인증""}]",True,187,2025-04-01T00:00:00+09:00
9b487ffb-d090-4b09-be91-da480d044aca,비타민C 브라이트닝 세럼,serum-02,어성초추출물(이)가 피부 고민을 타겟 케어하는 프리미엄 비건 세럼입니다.,42000,,e7832075-80b8-45b8-94d4-1ebee9d25ab3,/images/products/serum-02.webp,"[""어성초추출물"", ""병풀추출물(시카)"", ""알로에""]","[{""name"": ""어성초추출물"", ""role"": ""진정/항균"", ""origin"": ""한국"", ""grade"": ""EWG 1등급""}, {""name"": ""병풀추출물(시카)"", ""role"": ""재생/진정"", ""origin"": ""호주"", ""grade"": ""EWG 1등급""}, {""name"": ""알로에"", ""role"": ""수분/진정"", ""origin"": ""스위스"", ""grade"": ""EWG 1등급""}]",True,180,2025-04-01T00:00:00+09:00
25b49a34-5a45-4171-9b74-7a29bc2852ce,히알루론산 3중 보습 앰플,serum-03,고농축 로즈마리 성분이 피부 깊숙이 침투하여 집중 케어합니다. 가벼운 텍스처로 빠르게 흡수됩니다.,35000,,e7832075-80b8-45b8-94d4-1ebee9d25ab3,/images/products/serum-03.webp,"[""로즈마리"", ""병풀추출물(시카)"", ""히알루론산"", ""아줄렌"", ""비타민C"", ""나이아신아마이드"", ""프로폴리스""]","[{""name"": ""로즈마리"", ""role"": ""항산화"", ""origin"": ""일본"", ""grade"": ""EWG 1등급""}, {""name"": ""병풀추출물(시카)"", ""role"": ""재생/진정"", ""origin"": ""미국"", ""grade"": ""자체 인증""}, {""name"": ""히알루론산"", ""role"": ""보습"", ""origin"": ""독일"", ""grade"": ""EWG 1등급""}, {""name"": ""아줄렌"", ""role"": ""진정/항염"", ""origin"": ""스위스"", ""grade"": ""EWG 1등급""}, {""name"": ""비타민C"", ""role"": ""미백/항산화"", ""origin"": ""일본"", ""grade"": ""EWG 1등급""}, {""name"": ""나이아신아마이드"", ""role"": ""미백/톤 개선"", ""origin"": ""미국"", ""grade"": ""EWG 1등급""}, {""name"": ""프로폴리스"", ""role"": ""영양/보호"", ""origin"": ""호주"", ""grade"": ""EWG 2등급""}]",True,191,2025-04-01T00:00:00+09:00
0ffb48e0-d66c-4853-a822-4bac813a5403,나이아신아마이드 포어 세럼,serum-04,레시틴(이)가 피부 고민을 타겟 케어하는 프리미엄 비건 세럼입니다.,36000,30000.0,e7832075-80b8-45b8-94d4-1ebee9d25ab3,/images/products/serum-04.webp,"[""레시틴"", ""카모마일추출물"", ""알로에"", ""글리세린"", ""아데노신"", ""판테놀""]","[{""name"": ""레시틴"", ""role"": ""유화/보습"", ""origin"": ""독일"", ""grade"": ""EWG 2등급""}, {""name"": ""카모마일추출물"", ""role"": ""진정"", ""origin"": ""일본"", ""grade"": ""EWG 1등급""}, {""name"": ""알로에"", ""role"": ""수분/진정"", ""origin"": ""호주"", ""grade"": ""EWG 2등급""}, {""name"": ""글리세린"", ""role"": ""보습"", ""origin"": ""독일"", ""grade"": ""EWG 2등급""}, {""name"": ""아데노신"", ""role"": ""주름개선"", ""origin"": ""호주"", ""grade"": ""EWG 1등급""}, {""name"": ""판테놀"", ""role"": ""보습/진정"", ""origin"": ""미국"", ""grade"": ""EWG 1등급""}]",True,171,2025-04-01T00:00:00+09:00
ec705f3e-b67b-4ce9-858e-59ab201b5106,세라마이드 장벽 리페어 앰플,serum-05,고농축 프로폴리스 성분이 피부 깊숙이 침투하여 집중 케어합니다. 가벼운 텍스처로 빠르게 흡수됩니다.,37000,,e7832075-80b8-45b8-94d4-1ebee9d25ab3,/images/products/serum-05.webp,"[""프로폴리스"", ""레시틴"", ""베타글루칸"", ""글리세린"", ""스쿠알란""]","[{""name"": ""프로폴리스"", ""role"": ""영양/보호"", ""origin"": ""스위스"", ""grade"": ""자체 인증""}, {""name"": ""레시틴"", ""role"": ""유화/보습"", ""origin"": ""프랑스"", ""grade"": ""EWG 2등급""}, {""name"": ""베타글루칸"", ""role"": ""보습/면역강화"", ""origin"": ""프랑스"", ""grade"": ""EWG 2등급""}, {""name"": ""글리세린"", ""role"": ""보습"", ""origin"": ""프랑스"", ""grade"": ""EWG 1등급""}, {""name"": ""스쿠알란"", ""role"": ""보습/유연"", ""origin"": ""프랑스"", ""grade"": ""자체 인증""}]",True,68,2025-04-01T00:00:00+09:00
da6bbd5d-70d6-4b3e-8e38-06205bab0afb,코엔자임Q10 탄력 세럼,serum-06,고농축 아데노신 성분이 피부 깊숙이 침투하여 집중 케어합니다. 가벼운 텍스처로 빠르게 흡수됩니다.,46000,,e7832075-80b8-45b8-94d4-1ebee9d25ab3,/images/products/serum-06.webp,"[""아데노신"", ""로즈마리"", ""아줄렌"", ""시어버터"", ""아르간오일"", ""코엔자임Q10"", ""백련추출물"", ""녹차추출물""]","[{""name"": ""아데노신"", ""role"": ""주름개선"", ""origin"": ""미국"", ""grade"": ""EWG 2등급""}, {""name"": ""로즈마리"", ""role"": ""항산화"", ""origin"": ""스위스"", ""grade"": ""EWG 2등급""}, {""name"": ""아줄렌"", ""role"": ""진정/항염"", ""origin"": ""한국"", ""grade"": ""EWG 2등급""}, {""name"": ""시어버터"", ""role"": ""보습/보호"", ""origin"": ""프랑스"", ""grade"": ""EWG 1등급""}, {""name"": ""아르간오일"", ""role"": ""영양/탄력"", ""origin"": ""미국"", ""grade"": ""EWG 1등급""}, {""name"": ""코엔자임Q10"", ""role"": ""항산화/탄력"", ""origin"": ""한국"", ""grade"": ""EWG 1등급""}, {""name"": ""백련추출물"", ""role"": ""미백/보습"", ""origin"": ""스위스"", ""grade"": ""EWG 1등급""}, {""name"": ""녹차추출물"", ""role"": ""항산화/진정"", ""origin"": ""프랑스"", ""grade"": ""EWG 2등급""}]",True,185,2025-04-01T00:00:00+09:00
bd04fecb-cdf3-472e-a600-2249ea446e3c,프로폴리스 글로우 앰플,serum-07,글리세린(이)가 피부 고민을 타겟 케어하는 프리미엄 비건 세럼입니다.,42000,,e7832075-80b8-45b8-94d4-1ebee9d25ab3,/images/products/serum-07.webp,"[""글리세린"", ""해바라기씨오일"", ""카모마일추출물"", ""프로폴리스"", ""비타민C"", ""마데카소사이드""]","[{""name"": ""글리세린"", ""role"": ""보습"", ""origin"": ""프랑스"", ""grade"": ""EWG 2등급""}, {""name"": ""해바라기씨오일"", ""role"": ""보습/영양"", ""origin"": ""호주"", ""grade"": ""EWG 1등급""}, {""name"": ""카모마일추출물"", ""role"": ""진정"", ""origin"": ""스위스"", ""grade"": ""EWG 1등급""}, {""name"": ""프로폴리스"", ""role"": ""영양/보호"", ""origin"": ""미국"", ""grade"": ""EWG 1등급""}, {""name"": ""비타민C"", ""role"": ""미백/항산화"", ""origin"": ""스위스"", ""grade"": ""EWG 1등급""}, {""name"": ""마데카소사이드"", ""role"": ""진정/재생"", ""origin"": ""미국"", ""grade"": ""EWG 1등급""}]",True,162,2025-04-01T00:00:00+09:00
67feff16-a1a5-45cd-9b11-0ffd7cf1ba5d,마데카 시카 앰플,serum-08,고농축 병풀추출물(시카) 성분이 피부 깊숙이 침투하여 집중 케어합니다. 가벼운 텍스처로 빠르게 흡수됩니다.,34000,,e7832075-80b8-45b8-94d4-1ebee9d25ab3,/images/products/serum-08.webp,"[""병풀추출물(시카)"", ""스쿠알란"", ""어성초추출물"", ""마데카소사이드""]","[{""name"": ""병풀추출물(시카)"", ""role"": ""재생/진정"", ""origin"": ""프랑스"", ""grade"": ""EWG 1등급""}, {""name"": ""스쿠알란"", ""role"": ""보습/유연"", ""origin"": ""호주"", ""grade"": ""EWG 2등급""}, {""name"": ""어성초추출물"", ""role"": ""진정/항균"", ""origin"": ""미국"", ""grade"": ""EWG 1등급""}, {""name"": ""마데카소사이드"", ""role"": ""진정/재생"", ""origin"": ""호주"", ""grade"": ""EWG 1등급""}]",True,188,2025-04-01T00:00:00+09:00
d1af1fb3-5895-4b98-8464-46d7c86a67fd,아데노신 링클 리페어 세럼,serum-09,고농축 해바라기씨오일 성분이 피부 깊숙이 침투하여 집중 케어합니다. 가벼운 텍스처로 빠르게 흡수됩니다.,46000,,e7832075-80b8-45b8-94d4-1ebee9d25ab3,/images/products/serum-09.webp,"[""해바라기씨오일"", ""비타민C"", ""아르간오일"", ""어성초추출물""]","[{""name"": ""해바라기씨오일"", ""role"": ""보습/영양"", ""origin"": ""스위스"", ""grade"": ""EWG 2등급""}, {""name"": ""비타민C"", ""role"": ""미백/항산화"", ""origin"": ""독일"", ""grade"": ""EWG 1등급""}, {""name"": ""아르간오일"", ""role"": ""영양/탄력"", ""origin"": ""한국"", ""grade"": ""자체 인증""}, {""name"": ""어성초추출물"", ""role"": ""진정/항균"", ""origin"": ""일본"", ""grade"": ""EWG 2등급""}]",True,157,2025-04-01T00:00:00+09:00
121e4cf0-3c17-45f6-aee6-bd9cb999e444,스쿠알란 오일 세럼,serum-10,비타민C(이)가 피부 고민을 타겟 케어하는 프리미엄 비건 세럼입니다.,39000,,e7832075-80b8-45b8-94d4-1ebee9d25ab3,/images/products/serum-10.webp,"[""비타민C"", ""코엔자임Q10"", ""나이아신아마이드"", ""아르간오일"", ""스쿠알란""]","[{""name"": ""비타민C"", ""role"": ""미백/항산화"", ""origin"": ""미국"", ""grade"": ""EWG 1등급""}, {""name"": ""코엔자임Q10"", ""role"": ""항산화/탄력"", ""origin"": ""호주"", ""grade"": ""자체 인증""}, {""name"": ""나이아신아마이드"", ""role"": ""미백/톤 개선"", ""origin"": ""독일"", ""grade"": ""EWG 1등급""}, {""name"": ""아르간오일"", ""role"": ""영양/탄력"", ""origin"": ""호주"", ""grade"": ""EWG 1등급""}, {""name"": ""스쿠알란"", ""role"": ""보습/유연"", ""origin"": ""미국"", ""grade"": ""EWG 1등급""}]",True,159,2025-04-01T00:00:00+09:00
e364f414-5c33-4d38-b3a5-d69fdb379af7,세라마이드 장벽 크림,cream-01,진정과 보습을 동시에 잡는 히알루론산 크림입니다. 민감한 피부도 편안하게 사용할 수 있는 저자극 처방입니다.,39000,,bebde2ac-49c6-45b7-a61a-ca91014031fc,/images/products/cream-01.webp,"[""히알루론산"", ""병풀추출물(시카)"", ""아르간오일"", ""스쿠알란""]","[{""name"": ""히알루론산"", ""role"": ""보습"", ""origin"": ""호주"", ""grade"": ""EWG 1등급""}, {""name"": ""병풀추출물(시카)"", ""role"": ""재생/진정"", ""origin"": ""스위스"", ""grade"": ""EWG 2등급""}, {""name"": ""아르간오일"", ""role"": ""영양/탄력"", ""origin"": ""일본"", ""grade"": ""EWG 2등급""}, {""name"": ""스쿠알란"", ""role"": ""보습/유연"", ""origin"": ""스위스"", ""grade"": ""EWG 1등급""}]",True,70,2025-04-01T00:00:00+09:00
f578b710-66b1-4ceb-87cb-887de576a8a9,시카 리페어 수분 크림,cream-02,진정과 보습을 동시에 잡는 녹차추출물 크림입니다. 민감한 피부도 편안하게 사용할 수 있는 저자극 처방입니다.,50000,42300.0,bebde2ac-49c6-45b7-a61a-ca91014031fc,/images/products/cream-02.webp,"[""녹차추출물"", ""베타글루칸"", ""세라마이드"", ""라벤더추출물"", ""히알루론산""]","[{""name"": ""녹차추출물"", ""role"": ""항산화/진정"", ""origin"": ""프랑스"", ""grade"": ""EWG 1등급""}, {""name"": ""베타글루칸"", ""role"": ""보습/면역강화"", ""origin"": ""한국"", ""grade"": ""EWG 2등급""}, {""name"": ""세라마이드"", ""role"": ""피부장벽 강화"", ""origin"": ""프랑스"", ""grade"": ""EWG 1등급""}, {""name"": ""라벤더추출물"", ""role"": ""진정/항균"", ""origin"": ""미국"", ""grade"": ""EWG 1등급""}, {""name"": ""히알루론산"", ""role"": ""보습"", ""origin"": ""프랑스"", ""grade"": ""EWG 1등급""}]",True,115,2025-04-01T00:00:00+09:00
d3db3622-844e-4a2e-9b2d-2f9b365cbdc2,히알루론산 워터 크림,cream-03,진정과 보습을 동시에 잡는 아줄렌 크림입니다. 민감한 피부도 편안하게 사용할 수 있는 저자극 처방입니다.,46000,38600.0,bebde2ac-49c6-45b7-a61a-ca91014031fc,/images/products/cream-03.webp,"[""아줄렌"", ""티트리"", ""라벤더추출물"", ""해바라기씨오일"", ""알로에"", ""판테놀"", ""어성초추출물"", ""아데노신""]","[{""name"": ""아줄렌"", ""role"": ""진정/항염"", ""origin"": ""일본"", ""grade"": ""EWG 1등급""}, {""name"": ""티트리"", ""role"": ""진정/항균"", ""origin"": ""호주"", ""grade"": ""EWG 1등급""}, {""name"": ""라벤더추출물"", ""role"": ""진정/항균"", ""origin"": ""미국"", ""grade"": ""EWG 1등급""}, {""name"": ""해바라기씨오일"", ""role"": ""보습/영양"", ""origin"": ""독일"", ""grade"": ""EWG 2등급""}, {""name"": ""알로에"", ""role"": ""수분/진정"", ""origin"": ""미국"", ""grade"": ""EWG 1등급""}, {""name"": ""판테놀"", ""role"": ""보습/진정"", ""origin"": ""미국"", ""grade"": ""EWG 2등급""}, {""name"": ""어성초추출물"", ""role"": ""진정/항균"", ""origin"": ""스위스"", ""grade"": ""EWG 2등급""}, {""name"": ""아데노신"", ""role"": ""주름개선"", ""origin"": ""스위스"", ""grade"": ""EWG 1등급""}]",True,194,2025-04-01T00:00:00+09:00
d2ba5453-1ab8-49df-9667-cc9e7cf0426b,녹차 수분 진정 크림,cream-04,진정과 보습을 동시에 잡는 레시틴 크림입니다. 민감한 피부도 편안하게 사용할 수 있는 저자극 처방입니다.,36000,,bebde2ac-49c6-45b7-a61a-ca91014031fc,/images/products/cream-04.webp,"[""레시틴"", ""호호바오일"", ""세라마이드"", ""프로폴리스"", ""베타글루칸"", ""스쿠알란""]","[{""name"": ""레시틴"", ""role"": ""유화/보습"", ""origin"": ""스위스"", ""grade"": ""EWG 1등급""}, {""name"": ""호호바오일"", ""role"": ""보습/밸런싱"", ""origin"": ""호주"", ""grade"": ""EWG 1등급""}, {""name"": ""세라마이드"", ""role"": ""피부장벽 강화"", ""origin"": ""일본"", ""grade"": ""EWG 2등급""}, {""name"": ""프로폴리스"", ""role"": ""영양/보호"", ""origin"": ""스위스"", ""grade"": ""EWG 1등급""}, {""name"": ""베타글루칸"", ""role"": ""보습/면역강화"", ""origin"": ""프랑스"", ""grade"": ""EWG 1등급""}, {""name"": ""스쿠알란"", ""role"": ""보습/유연"", ""origin"": ""미국"", ""grade"": ""EWG 1등급""}]",True,119,2025-04-01T00:00:00+09:00
f0694b21-9373-4e61-90e3-ed66ad4bcdf9,프로폴리스 너리싱 크림,cream-05,진정과 보습을 동시에 잡는 비타민C 크림입니다. 민감한 피부도 편안하게 사용할 수 있는 저자극 처방입니다.,52000,,bebde2ac-49c6-45b7-a61a-ca91014031fc,/images/products/cream-05.webp,"[""비타민C"", ""해바라기씨오일"", ""카모마일추출물"", ""아데노신"", ""병풀추출물(시카)"", ""스쿠알란""]","[{""name"": ""비타민C"", ""role"": ""미백/항산화"", ""origin"": ""스위스"", ""grade"": ""자체 인증""}, {""name"": ""해바라기씨오일"", ""role"": ""보습/영양"", ""origin"": ""일본"", ""grade"": ""EWG 2등급""}, {""name"": ""카모마일추출물"", ""role"": ""진정"", ""origin"": ""프랑스"", ""grade"": ""EWG 2등급""}, {""name"": ""아데노신"", ""role"": ""주름개선"", ""origin"": ""독일"", ""grade"": ""EWG 2등급""}, {""name"": ""병풀추출물(시카)"", ""role"": ""재생/진정"", ""origin"": ""호주"", ""grade"": ""EWG 1등급""}, {""name"": ""스쿠알란"", ""role"": ""보습/유연"", ""origin"": ""호주"", ""grade"": ""EWG 2등급""}]",True,96,2025-04-01T00:00:00+09:00
e4d2dae0-5b6b-4aee-bb8d-eb8c0bd854a7,판테놀 시카 밤,cream-06,진정과 보습을 동시에 잡는 병풀추출물(시카) 크림입니다. 민감한 피부도 편안하게 사용할 수 있는 저자극 처방입니다.,50000,41000.0,bebde2ac-49c6-45b7-a61a-ca91014031fc,/images/products/cream-06.webp,"[""병풀추출물(시카)"", ""어성초추출물"", ""글리세린"", ""아줄렌"", ""마데카소사이드""]","[{""name"": ""병풀추출물(시카)"", ""role"": ""재생/진정"", ""origin"": ""독일"", ""grade"": ""자체 인증""}, {""name"": ""어성초추출물"", ""role"": ""진정/항균"", ""origin"": ""한국"", ""grade"": ""EWG 1등급""}, {""name"": ""글리세린"", ""role"": ""보습"", ""origin"": ""호주"", ""grade"": ""EWG 1등급""}, {""name"": ""아줄렌"", ""role"": ""진정/항염"", ""origin"": ""스위스"", ""grade"": ""EWG 1등급""}, {""name"": ""마데카소사이드"", ""role"": ""진정/재생"", ""origin"": ""호주"", ""grade"": ""EWG 2등급""}]",True,175,2025-04-01T00:00:00+09:00
188707c9-8cea-49a5-bf9d-6bb36f32e507,아르간 너리싱 나이트 크림,cream-07,진정과 보습을 동시에 잡는 판테놀 크림입니다. 민감한 피부도 편안하게 사용할 수 있는 저자극 처방입니다.,49000,,bebde2ac-49c6-45b7-a61a-ca91014031fc,/images/products/cream-07.webp,"[""판테놀"", ""녹차추출물"", ""아르간오일""]","[{""name"": ""판테놀"", ""role"": ""보습/진정"", ""origin"": ""일본"", ""grade"": ""EWG 2등급""}, {""name"": ""녹차추출물"", ""role"": ""항산화/진정"", ""origin"": ""일본"", ""grade"": ""EWG 1등급""}, {""name"": ""아르간오일"", ""role"": ""영양/탄력"", ""origin"": ""독일"", ""grade"": ""EWG 1등급""}]",True,190,2025-04-01T00:00:00+09:00
34dbc802-1b4c-44fa-affe-fcd964c379ad,비타민E 안티옥시던트 크림,cream-08,진정과 보습을 동시에 잡는 병풀추출물(시카) 크림입니다. 민감한 피부도 편안하게 사용할 수 있는 저자극 처방입니다.,45000,,bebde2ac-49c6-45b7-a61a-ca91014031fc,/images/products/cream-08.webp,"[""병풀추출물(시카)"", ""판테놀"", ""감초추출물"", ""녹차추출물"", ""티트리"", ""카모마일추출물""]","[{""name"": ""병풀추출물(시카)"", ""role"": ""재생/진정"", ""origin"": ""일본"", ""grade"": ""EWG 1등급""}, {""name"": ""판테놀"", ""role"": ""보습/진정"", ""origin"": ""독일"", ""grade"": ""자체 인증""}, {""name"": ""감초추출물"", ""role"": ""진정/미백"", ""origin"": ""미국"", ""grade"": ""EWG 1등급""}, {""name"": ""녹차추출물"", ""role"": ""항산화/진정"", ""origin"": ""프랑스"", ""grade"": ""EWG 2등급""}, {""name"": ""티트리"", ""role"": ""진정/항균"", ""origin"": ""일본"", ""grade"": ""EWG 2등급""}, {""name"": ""카모마일추출물"", ""role"": ""진정"", ""origin"": ""스위스"", ""grade"": ""EWG 1등급""}]",True,122,2025-04-01T00:00:00+09:00
04e16a79-0f5a-4c70-9f0a-9a3795cef656,알로에 수딩 젤 크림,cream-09,진정과 보습을 동시에 잡는 녹차추출물 크림입니다. 민감한 피부도 편안하게 사용할 수 있는 저자극 처방입니다.,38000,,bebde2ac-49c6-45b7-a61a-ca91014031fc,/images/products/cream-09.webp,"[""녹차추출물"", ""호호바오일"", ""알로에"", ""판테놀"", ""나이아신아마이드""]","[{""name"": ""녹차추출물"", ""role"": ""항산화/진정"", ""origin"": ""일본"", ""grade"": ""EWG 1등급""}, {""name"": ""호호바오일"", ""role"": ""보습/밸런싱"", ""origin"": ""한국"", ""grade"": ""EWG 1등급""}, {""name"": ""알로에"", ""role"": ""수분/진정"", ""origin"": ""미국"", ""grade"": ""자체 인증""}, {""name"": ""판테놀"", ""role"": ""보습/진정"", ""origin"": ""미국"", ""grade"": ""EWG 2등급""}, {""name"": ""나이아신아마이드"", ""role"": ""미백/톤 개선"", ""origin"": ""호주"", ""grade"": ""EWG 1등급""}]",True,53,2025-04-01T00:00:00+09:00
888e09ca-a1af-4d96-8b1a-f089c6d357cf,베타글루칸 장벽 강화 크림,cream-10,진정과 보습을 동시에 잡는 스쿠알란 크림입니다. 민감한 피부도 편안하게 사용할 수 있는 저자극 처방입니다.,44000,,bebde2ac-49c6-45b7-a61a-ca91014031fc,/images/products/cream-10.webp,"[""스쿠알란"", ""알로에"", ""히알루론산"", ""병풀추출물(시카)"", ""코엔자임Q10"", ""티트리""]","[{""name"": ""스쿠알란"", ""role"": ""보습/유연"", ""origin"": ""호주"", ""grade"": ""EWG 1등급""}, {""name"": ""알로에"", ""role"": ""수분/진정"", ""origin"": ""독일"", ""grade"": ""EWG 2등급""}, {""name"": ""히알루론산"", ""role"": ""보습"", ""origin"": ""한국"", ""grade"": ""EWG 1등급""}, {""name"": ""병풀추출물(시카)"", ""role"": ""재생/진정"", ""origin"": ""스위스"", ""grade"": ""EWG 1등급""}, {""name"": ""코엔자임Q10"", ""role"": ""항산화/탄력"", ""origin"": ""일본"", ""grade"": ""EWG 1등급""}, {""name"": ""티트리"", ""role"": ""진정/항균"", ""origin"": ""프랑스"", ""grade"": ""EWG 1등급""}]",True,156,2025-04-01T00:00:00+09:00
956c8342-4e1d-4714-9de8-824b8d6b447f,데일리 UV 프로텍션 선크림 SPF50+,sunscreen-01,높은 자외선 차단력과 녹차추출물(으)로 피부 케어까지 한 번에 해결하는 데일리 선케어입니다.,33000,,95124f10-1893-4371-a0d1-a209c02ee650,/images/products/sunscreen-01.webp,"[""녹차추출물"", ""라벤더추출물"", ""프로폴리스"", ""아르간오일"", ""비타민E"", ""백련추출물"", ""판테놀""]","[{""name"": ""녹차추출물"", ""role"": ""항산화/진정"", ""origin"": ""일본"", ""grade"": ""EWG 1등급""}, {""name"": ""라벤더추출물"", ""role"": ""진정/항균"", ""origin"": ""한국"", ""grade"": ""EWG 2등급""}, {""name"": ""프로폴리스"", ""role"": ""영양/보호"", ""origin"": ""미국"", ""grade"": ""EWG 1등급""}, {""name"": ""아르간오일"", ""role"": ""영양/탄력"", ""origin"": ""스위스"", ""grade"": ""EWG 1등급""}, {""name"": ""비타민E"", ""role"": ""항산화/보호"", ""origin"": ""프랑스"", ""grade"": ""EWG 1등급""}, {""name"": ""백련추출물"", ""role"": ""미백/보습"", ""origin"": ""한국"", ""grade"": ""EWG 1등급""}, {""name"": ""판테놀"", ""role"": ""보습/진정"", ""origin"": ""프랑스"", ""grade"": ""EWG 1등급""}]",True,90,2025-04-01T00:00:00+09:00
198dd8f4-a3c9-4870-afa4-ea27557b9681,시카 톤업 선크림 SPF50+,sunscreen-02,높은 자외선 차단력과 글리세린(으)로 피부 케어까지 한 번에 해결하는 데일리 선케어입니다.,24000,,95124f10-1893-4371-a0d1-a209c02ee650,/images/products/sunscreen-02.webp,"[""글리세린"", ""코엔자임Q10"", ""판테놀"", ""히알루론산"", ""녹차추출물"", ""시어버터"", ""아줄렌"", ""라벤더추출물""]","[{""name"": ""글리세린"", ""role"": ""보습"", ""origin"": ""한국"", ""grade"": ""EWG 2등급""}, {""name"": ""코엔자임Q10"", ""role"": ""항산화/탄력"", ""origin"": ""일본"", ""grade"": ""EWG 2등급""}, {""name"": ""판테놀"", ""role"": ""보습/진정"", ""origin"": ""미국"", ""grade"": ""EWG 1등급""}, {""name"": ""히알루론산"", ""role"": ""보습"", ""origin"": ""스위스"", ""grade"": ""자체 인증""}, {""name"": ""녹차추출물"", ""role"": ""항산화/진정"", ""origin"": ""호주"", ""grade"": ""EWG 1등급""}, {""name"": ""시어버터"", ""role"": ""보습/보호"", ""origin"": ""프랑스"", ""grade"": ""EWG 2등급""}, {""name"": ""아줄렌"", ""role"": ""진정/항염"", ""origin"": ""일본"", ""grade"": ""EWG 2등급""}, {""name"": ""라벤더추출물"", ""role"": ""진정/항균"", ""origin"": ""한국"", ""grade"": ""EWG 1등급""}]",True,128,2025-04-01T00:00:00+09:00
3811802f-a6b8-46c0-a73e-a094bcb4f118,그린티 선 에센스 SPF50+,sunscreen-03,높은 자외선 차단력과 감초추출물(으)로 피부 케어까지 한 번에 해결하는 데일리 선케어입니다.,33000,,95124f10-1893-4371-a0d1-a209c02ee650,/images/products/sunscreen-03.webp,"[""감초추출물"", ""판테놀"", ""비타민E"", ""티트리"", ""시어버터"", ""아줄렌"", ""어성초추출물""]","[{""name"": ""감초추출물"", ""role"": ""진정/미백"", ""origin"": ""일본"", ""grade"": ""EWG 1등급""}, {""name"": ""판테놀"", ""role"": ""보습/진정"", ""origin"": ""호주"", ""grade"": ""EWG 1등급""}, {""name"": ""비타민E"", ""role"": ""항산화/보호"", ""origin"": ""독일"", ""grade"": ""EWG 1등급""}, {""name"": ""티트리"", ""role"": ""진정/항균"", ""origin"": ""호주"", ""grade"": ""EWG 2등급""}, {""name"": ""시어버터"", ""role"": ""보습/보호"", ""origin"": ""독일"", ""grade"": ""EWG 1등급""}, {""name"": ""아줄렌"", ""role"": ""진정/항염"", ""origin"": ""한국"", ""grade"": ""EWG 1등급""}, {""name"": ""어성초추출물"", ""role"": ""진정/항균"", ""origin"": ""미국"", ""grade"": ""EWG 2등급""}]",True,197,2025-04-01T00:00:00+09:00
2ed53cc8-bee4-44ca-bc6d-992cf9f7d1b7,히알루론 수분 선젤 SPF50+,sunscreen-04,높은 자외선 차단력과 해바라기씨오일(으)로 피부 케어까지 한 번에 해결하는 데일리 선케어입니다.,33000,,95124f10-1893-4371-a0d1-a209c02ee650,/images/products/sunscreen-04.webp,"[""해바라기씨오일"", ""병풀추출물(시카)"", ""아데노신"", ""히알루론산"", ""라벤더추출물"", ""백련추출물"", ""알로에"", ""코엔자임Q10""]","[{""name"": ""해바라기씨오일"", ""role"": ""보습/영양"", ""origin"": ""일본"", ""grade"": ""EWG 1등급""}, {""name"": ""병풀추출물(시카)"", ""role"": ""재생/진정"", ""origin"": ""독일"", ""grade"": ""EWG 1등급""}, {""name"": ""아데노신"", ""role"": ""주름개선"", ""origin"": ""스위스"", ""grade"": ""EWG 1등급""}, {""name"": ""히알루론산"", ""role"": ""보습"", ""origin"": ""한국"", ""grade"": ""EWG 1등급""}, {""name"": ""라벤더추출물"", ""role"": ""진정/항균"", ""origin"": ""호주"", ""grade"": ""EWG 1등급""}, {""name"": ""백련추출물"", ""role"": ""미백/보습"", ""origin"": ""미국"", ""grade"": ""EWG 1등급""}, {""name"": ""알로에"", ""role"": ""수분/진정"", ""origin"": ""프랑스"", ""grade"": ""EWG 1등급""}, {""name"": ""코엔자임Q10"", ""role"": ""항산화/탄력"", ""origin"": ""미국"", ""grade"": ""EWG 1등급""}]",True,152,2025-04-01T00:00:00+09:00
f745b8b4-fc08-40a0-ba13-286b1fbc2a99,캘린듈라 마일드 선로션 SPF45,sunscreen-05,백탁 없이 가볍게 밀착되는 비건 선크림입니다. 스쿠알란 성분이 자외선 차단과 동시에 피부를 보호합니다.,32000,28500.0,95124f10-1893-4371-a0d1-a209c02ee650,/images/products/sunscreen-05.webp,"[""스쿠알란"", ""티트리"", ""라벤더추출물"", ""아르간오일"", ""시어버터""]","[{""name"": ""스쿠알란"", ""role"": ""보습/유연"", ""origin"": ""미국"", ""grade"": ""EWG 2등급""}, {""name"": ""티트리"", ""role"": ""진정/항균"", ""origin"": ""호주"", ""grade"": ""EWG 1등급""}, {""name"": ""라벤더추출물"", ""role"": ""진정/항균"", ""origin"": ""프랑스"", ""grade"": ""EWG 1등급""}, {""name"": ""아르간오일"", ""role"": ""영양/탄력"", ""origin"": ""독일"", ""grade"": ""EWG 2등급""}, {""name"": ""시어버터"", ""role"": ""보습/보호"", ""origin"": ""미국"", ""grade"": ""EWG 1등급""}]",True,63,2025-04-01T00:00:00+09:00
dc1302e9-d407-45bb-82a3-aef9b723587f,노세범 에어리 선스틱 SPF50+,sunscreen-06,백탁 없이 가볍게 밀착되는 비건 선크림입니다. 비타민E 성분이 자외선 차단과 동시에 피부를 보호합니다.,27000,23900.0,95124f10-1893-4371-a0d1-a209c02ee650,/images/products/sunscreen-06.webp,"[""비타민E"", ""어성초추출물"", ""아줄렌"", ""코엔자임Q10"", ""티트리""]","[{""name"": ""비타민E"", ""role"": ""항산화/보호"", ""origin"": ""미국"", ""grade"": ""EWG 2등급""}, {""name"": ""어성초추출물"", ""role"": ""진정/항균"", ""origin"": ""프랑스"", ""grade"": ""EWG 2등급""}, {""name"": ""아줄렌"", ""role"": ""진정/항염"", ""origin"": ""일본"", ""grade"": ""EWG 1등급""}, {""name"": ""코엔자임Q10"", ""role"": ""항산화/탄력"", ""origin"": ""독일"", ""grade"": ""EWG 1등급""}, {""name"": ""티트리"", ""role"": ""진정/항균"", ""origin"": ""프랑스"", ""grade"": ""자체 인증""}]",True,79,2025-04-01T00:00:00+09:00
4aa9b57b-9623-4cb1-810b-497d0dd215d1,피지컬 미네랄 선크림 SPF42,sunscreen-07,높은 자외선 차단력과 해바라기씨오일(으)로 피부 케어까지 한 번에 해결하는 데일리 선케어입니다.,31000,,95124f10-1893-4371-a0d1-a209c02ee650,/images/products/sunscreen-07.webp,"[""해바라기씨오일"", ""캘린듈라"", ""코엔자임Q10"", ""아줄렌"", ""판테놀"", ""프로폴리스"", ""감초추출물"", ""병풀추출물(시카)""]","[{""name"": ""해바라기씨오일"", ""role"": ""보습/영양"", ""origin"": ""스위스"", ""grade"": ""EWG 1등급""}, {""name"": ""캘린듈라"", ""role"": ""진정/보호"", ""origin"": ""호주"", ""grade"": ""EWG 1등급""}, {""name"": ""코엔자임Q10"", ""role"": ""항산화/탄력"", ""origin"": ""독일"", ""grade"": ""EWG 1등급""}, {""name"": ""아줄렌"", ""role"": ""진정/항염"", ""origin"": ""프랑스"", ""grade"": ""자체 인증""}, {""name"": ""판테놀"", ""role"": ""보습/진정"", ""origin"": ""독일"", ""grade"": ""EWG 2등급""}, {""name"": ""프로폴리스"", ""role"": ""영양/보호"", ""origin"": ""프랑스"", ""grade"": ""EWG 2등급""}, {""name"": ""감초추출물"", ""role"": ""진정/미백"", ""origin"": ""일본"", ""grade"": ""EWG 2등급""}, {""name"": ""병풀추출물(시카)"", ""role"": ""재생/진정"", ""origin"": ""스위스"", ""grade"": ""EWG 1등급""}]",True,179,2025-04-01T00:00:00+09:00
ba41dedf-c188-414d-abc2-8d7c08b312d7,알로에 수딩 선크림 SPF50+,sunscreen-08,높은 자외선 차단력과 카모마일추출물(으)로 피부 케어까지 한 번에 해결하는 데일리 선케어입니다.,28000,,95124f10-1893-4371-a0d1-a209c02ee650,/images/products/sunscreen-08.webp,"[""카모마일추출물"", ""판테놀"", ""해바라기씨오일"", ""아데노신"", ""레시틴""]","[{""name"": ""카모마일추출물"", ""role"": ""진정"", ""origin"": ""스위스"", ""grade"": ""EWG 1등급""}, {""name"": ""판테놀"", ""role"": ""보습/진정"", ""origin"": ""독일"", ""grade"": ""EWG 1등급""}, {""name"": ""해바라기씨오일"", ""role"": ""보습/영양"", ""origin"": ""일본"", ""grade"": ""EWG 1등급""}, {""name"": ""아데노신"", ""role"": ""주름개선"", ""origin"": ""독일"", ""grade"": ""EWG 1등급""}, {""name"": ""레시틴"", ""role"": ""유화/보습"", ""origin"": ""일본"", ""grade"": ""EWG 2등급""}]",True,111,2025-04-01T00:00:00+09:00
3359baa5-d5ae-472b-a598-7de8610b8fe3,톤업 글로우 선세럼 SPF50+,sunscreen-09,높은 자외선 차단력과 히알루론산(으)로 피부 케어까지 한 번에 해결하는 데일리 선케어입니다.,33000,,95124f10-1893-4371-a0d1-a209c02ee650,/images/products/sunscreen-09.webp,"[""히알루론산"", ""스쿠알란"", ""카모마일추출물"", ""코엔자임Q10"", ""아줄렌"", ""아르간오일""]","[{""name"": ""히알루론산"", ""role"": ""보습"", ""origin"": ""미국"", ""grade"": ""EWG 2등급""}, {""name"": ""스쿠알란"", ""role"": ""보습/유연"", ""origin"": ""미국"", ""grade"": ""자체 인증""}, {""name"": ""카모마일추출물"", ""role"": ""진정"", ""origin"": ""호주"", ""grade"": ""자체 인증""}, {""name"": ""코엔자임Q10"", ""role"": ""항산화/탄력"", ""origin"": ""프랑스"", ""grade"": ""EWG 1등급""}, {""name"": ""아줄렌"", ""role"": ""진정/항염"", ""origin"": ""독일"", ""grade"": ""EWG 1등급""}, {""name"": ""아르간오일"", ""role"": ""영양/탄력"", ""origin"": ""한국"", ""grade"": ""EWG 2등급""}]",True,162,2025-04-01T00:00:00+09:00
d2000bbb-1809-4ad2-97c4-0c845ed663a1,민감피부 저자극 선밀크 SPF50+,sunscreen-10,백탁 없이 가볍게 밀착되는 비건 선크림입니다. 나이아신아마이드 성분이 자외선 차단과 동시에 피부를 보호합니다.,25000,,95124f10-1893-4371-a0d1-a209c02ee650,/images/products/sunscreen-10.webp,"[""나이아신아마이드"", ""카모마일추출물"", ""캘린듈라"", ""비타민C"", ""베타글루칸"", ""시어버터""]","[{""name"": ""나이아신아마이드"", ""role"": ""미백/톤 개선"", ""origin"": ""호주"", ""grade"": ""EWG 2등급""}, {""name"": ""카모마일추출물"", ""role"": ""진정"", ""origin"": ""일본"", ""grade"": ""EWG 1등급""}, {""name"": ""캘린듈라"", ""role"": ""진정/보호"", ""origin"": ""미국"", ""grade"": ""EWG 1등급""}, {""name"": ""비타민C"", ""role"": ""미백/항산화"", ""origin"": ""한국"", ""grade"": ""EWG 2등급""}, {""name"": ""베타글루칸"", ""role"": ""보습/면역강화"", ""origin"": ""스위스"", ""grade"": ""EWG 2등급""}, {""name"": ""시어버터"", ""role"": ""보습/보호"", ""origin"": ""독일"", ""grade"": ""EWG 1등급""}]",True,131,2025-04-01T00:00:00+09:00
